ADC14536258MP|Adidas Men Purple Slim Fit Aeroready|Purple|M|M|1199.00|3.8|Y
ADC23627167MM|Adidas Solid Freelift Tennis T-shirt|Maroon|U|M|2000.00|3.1|Y
ADC23627167LB|Adidas Solid Freelift Tennis T-shirt|Black|U|L|2100.00|3.5|N
ADC13242545LY|Adidas Designed2Move T|Yellow|M|L|3000.00|3.8|Y
ADC76537883SB|Adidas Printed Win 2.0 Tee|Blue|F|S|1799.00|4.2|Y
ADC24435CBBW|Adidas new|Purple|M|M|700.00|2.5|Y
NICJ0921092SG|Nike Men's T-Shirt|Grey|M|S|799.00|2.4|Y
NICJ0921092MB|Nike Men's T-Shirt|Black|M|M|1199.00|3.5|Y
NIDJ1829010MB|Nike Sportswear|Black|F|M|1800.00|4.5|Y
NIDD0285100MW|Women's Jordan Essentials|White|F|S|3000.00|3.5|N
PU847760SB|PUMA Graphic Men's T-Shirt|Black|M|S|649.00|2.3|Y
PU847760MB|PUMA Graphic Men's T-Shirt|Black|M|M|649.00|2.1|Y
PU847760LB|PUMA Graphic Men's T-Shirt|Black|M|L|679.00|2.5|Y
PU847828SW|PUMA Graphic Men's T-Shirt|White|M|S|599.00|3.5|Y
PU847828XW|PUMA Graphic Men's T-Shirt|White|M|XL|599.00|1.2|Y
PU847828MB|PUMA Graphic dryCELL Men's TraiPUng T-Shirt|Blue|M|L|1199.00|2.7|Y
PU581371MP|Nu-tility Relaxed T-shirt|Purple|F|M|799.00|3.2|Y
PU581371MB|Nu-tility Relaxed T-shirt|Black|F|M|799.00|3.5|Y
PU581371LB|Nu-tility Relaxed T-shirt|Black|F|L|899.00|3.4|Y
